"|","|__coffeechooser__base","|__coffeechooser__clouds__all","|__coffeechooser__cod","|__coffeechooser__coord__lat","|__coffeechooser__coord__lon","|__coffeechooser__device","|__coffeechooser__dt","|__coffeechooser__id","|__coffeechooser__main__humidity","|__coffeechooser__main__pressure","|__coffeechooser__main__temp","|__coffeechooser__main__temp_max","|__coffeechooser__main__temp_min","|__coffeechooser__name","|__coffeechooser__sys__country","|__coffeechooser__sys__id","|__coffeechooser__sys__message","|__coffeechooser__sys__sunrise","|__coffeechooser__sys__sunset","|__coffeechooser__sys__type","|__coffeechooser__visibility","|__coffeechooser__weather__description","|__coffeechooser__weather__icon","|__coffeechooser__weather__id","|__coffeechooser__weather__main","|__coffeechooser__wind__deg","|__coffeechooser__wind__gust","|__coffeechooser__wind__speed","|__clouds","|__date","|__device","|__humidity","|__lat","|__location","|__lon","|__pressure","|__temp","|__type","|__userId","|__visibility","|__weatherCond","|__windDeg","|__windSpeed"
"01EAB7E7-D5EB-407A-A307-CC8CEF6AB7F0","","","","","","","","","","","","","","","","","","","","","","","","","","","","","90","2017-06-16T15:22:38.745Z","","82","40.73","Hoboken","-74.04","1015","65","1","DvGx1A7L7wNN9Han9GjEm08Mb7t2","16093","","130","6"
"0230E916-2DDC-4721-AC51-441FD7A60F39","","","","","","","","","","","","","","","","","","","","","","","","","","","","","90","2017-05-29T14:36:44.802Z","","100","41.2","West Haverstraw","-73.99","1014","56","1","6eUdqOHk4YhcgJo2CqkSv8PI7ZF3","4828","","116.501","3"
"04b593d0-5dd7-11e7-8932-b96748e46eb9","","","","","","","","","","","","","","","","","","","","","","","","","","","","","75","2017-06-30T20:59:33.646Z","Alexa","66","41.2","Haverstraw","-73.97","1012","87.37","1","","24140","","250","5.82"
"04e01fe0-5dcf-11e7-a931-a7582745470f","","","","","","","","","","","","","","","","","","","","","","","","","","","","","40","2017-06-30T20:02:17.951Z","Alexa","49","41.2","Haverstraw","-73.97","1013","88.7","1","","16093","","210","16.11"
"0689E459-C7F3-4ED7-8582-58FF1C10B3D4","","","","","","","","","","","","","","","","","","","","","","","","","","","","","75","2017-06-04T20:03:11.134Z","","55","41.11","Airmont","-74.13","1014","61","1","fvqRYUa0YRTqDmwPkLE7nn0YrLX2","16093","","120","5"
"0A70BD70-1425-4A54-A085-59EBADD00A98","","","","","","","","","","","","","","","","","","","","","","","","","","","","","90","2017-06-14T14:16:28.604Z","","64","40.76","Weehawken","-74","1016","72","1","fvqRYUa0YRTqDmwPkLE7nn0YrLX2","16093","","31.5002","4"
"0dfdd420-5dd7-11e7-8932-b96748e46eb9","","","","","","","","","","","","","","","","","","","","","","","","","","","","","75","2017-06-30T20:59:49.218Z","Alexa","66","41.2","Haverstraw","-73.97","1012","87.37","1","","24140","","250","5.82"
"1676D99B-FC5C-4771-8C66-52E848B5F0B3","","","","","","","","","","","","","","","","","","","","","","","","","","","","","90","2017-07-10T13:08:09.491Z","","53","40.73","Hoboken","-74.03","1019","69","2","DvGx1A7L7wNN9Han9GjEm08Mb7t2","16093","","280","5"
"19ABE3BD-BA48-4000-985D-BD670F93EFAF","","","","","","","","","","","","","","","","","","","","","","","","","","","","","1","2017-06-11T19:31:36.480Z","","31","40.67","Bayonne","-74.12","1016","90","2","DvGx1A7L7wNN9Han9GjEm08Mb7t2","16093","","280","9"
"1A7DBD92-8409-4134-9C5A-70751D267445","","","","","","","","","","","","","","","","","","","","","","","","","","","","","90","2017-05-28T17:54:08.015Z","","68","41.2","West Haverstraw","-73.99","1014","71","2","KeAdoRGcxYfNNQeAfvMG5DFj5zB3","32186","","180","11"
"1A9E11C6-8F6C-4C13-8430-CA708FC0A655","","","","","","","","","","","","","","","","","","","","","","","","","","","","","90","2017-05-30T13:10:16.219Z","","87","40.71","New York","-74.01","1022","55","1","KeAdoRGcxYfNNQeAfvMG5DFj5zB3","8047","","160","8"
"1b85e070-8e3c-11e7-bd7e-576539d05eac","","","","","","","","","","","","","","","","","","","","","","","","","","","","","1","2017-08-31T11:04:06.904Z","Alexa","82","41.2","Haverstraw","-73.97","1013","60.57","1","","16093","","280","4.7"
"218690c0-4e1b-11e7-ae62-f93346813335","","","","","","","","","","","","","","","","","","","","","","","","","","","","","40","2017-06-10T20:26:49.165Z","Alexa","42","41.2","Garnerville","-74","1015","83.91","1","","16093","","220","12.75"
"247B477B-388C-410D-AC49-CAB9DFC126FF","","","","","","","","","","","","","","","","","","","","","","","","","","","","","1","2017-06-11T11:33:30.648Z","","68","41.11","Airmont","-74.13","1019","69","1","fvqRYUa0YRTqDmwPkLE7nn0YrLX2","16093","","260","3"
"249e4f80-5557-11e7-aaa5-79bc731415ba","","","","","","","","","","","","","","","","","","","","","","","","","","","","","90","2017-06-20T01:24:02.296Z","Alexa","94","41.2","Garnerville","-74","1011","70.9","1","","3219","","180","6.93"
"25F39CE8-797C-47AF-B8B3-0129E3083502","","","","","","","","","","","","","","","","","","","","","","","","","","","","","90","2017-06-06T20:20:22.131Z","","82","41.08","Nanuet","-74.01","1009","57","1","fvqRYUa0YRTqDmwPkLE7nn0YrLX2","16093","","130","8"
"278EA763-D5BD-4D41-A937-391B0D255125","","","","","","","","","","","","","","","","","","","","","","","","","","","","","1","2017-06-14T21:34:39.796Z","","42","41.11","Bardonia","-74.01","1015","81","2","KeAdoRGcxYfNNQeAfvMG5DFj5zB3","16093","","140","10"
"28362b70-6ad0-11e7-908f-4b064f587a76","","","","","","","","","","","","","","","","","","","","","","","","","","","","","1","2017-07-17T09:13:11.847Z","Alexa","87","47.63","Seattle","-122.35","1021","55.62","1","","16093","","20.0008","5.5"
"29e14870-516b-11e7-b1b1-77126e6b71b6","","","","","","","","","","","","","","","","","","","","","","","","","","","","","1","2017-06-15T01:37:16.408Z","Alexa","59","41.2","Garnerville","-74","1016","70.77","0","","16093","","150","5.82"
"2C74454D-280F-41FD-B815-C452BEE9A330","","","","","","","","","","","","","","","","","","","","","","","","","","","","","75","2017-07-21T14:33:33.600Z","","58","41.11","Airmont","-74.13","1014","81","1","fvqRYUa0YRTqDmwPkLE7nn0YrLX2","16093","","330","8"
"2CDAE86D-C2BE-469E-BBE8-89BE8E754593","","","","","","","","","","","","","","","","","","","","","","","","","","","","","75","2017-06-15T15:16:05.940Z","","68","41.36","Highland Falls","-73.95","1018","69","2","6eUdqOHk4YhcgJo2CqkSv8PI7ZF3","32186","","0","5"
"2acb6d20-5557-11e7-aaa5-79bc731415ba","","","","","","","","","","","","","","","","","","","","","","","","","","","","","90","2017-06-20T01:24:12.658Z","Alexa","94","41.2","Garnerville","-74","1011","70.9","1","","3219","","180","6.93"
"2dffc920-489e-11e7-accd-d1188fe465f0","","","","","","","","","","","","","","","","","","","","","","","","","","","","","40","2017-06-03T20:49:47.187Z","Alexa","30","41.2","Garnerville","-74","1013","72.43","1","","16093","","300","12.75"
"3025ed30-488d-11e7-bf59-89f062c5e3a9","stations","75","200","41.2","-74","Alexa","1496513700","0","35","1014","294.6","296.15","293.15","Garnerville","US","2142","0.0049","1496481860","1496535882","1","16093","broken clouds","04d","803","Clouds","300","9.8","6.2","","","","","","","","","","","","","","",""
"307E13F1-0A98-4266-AD3B-645D27646174","","","","","","","","","","","","","","","","","","","","","","","","","","","","","90","2017-06-01T11:04:35.201Z","","93","41.11","Airmont","-74.13","1015","62","1","fvqRYUa0YRTqDmwPkLE7nn0YrLX2","16093","","70","4"
"319B435A-6B0D-43AD-8221-B3F6FC1283BC","","","","","","","","","","","","","","","","","","","","","","","","","","","","","90","2017-06-16T23:13:05.433Z","","100","41.2","West Haverstraw","-73.98","1014","65","2","KeAdoRGcxYfNNQeAfvMG5DFj5zB3","2414","","95.5024","4"
"32D59833-4F1A-4B5A-B918-37FE14F74D32","","","","","","","","","","","","","","","","","","","","","","","","","","","","","90","2017-06-17T21:18:10.331Z","","83","41.7","Arlington","-73.88","1014","73","2","KeAdoRGcxYfNNQeAfvMG5DFj5zB3","16093","","0","5"
"33E1EA17-7CD3-4744-835E-F592B8C34004","","","","","","","","","","","","","","","","","","","","","","","","","","","","","90","2017-06-01T02:59:27.896Z","","93","41.11","Airmont","-74.13","1015","62","2","fvqRYUa0YRTqDmwPkLE7nn0YrLX2","16093","","70","4"
"33FFDE62-A987-40DA-A8AD-1F6AEA1A7FAD","","","","","","","","","","","","","","","","","","","","","","","","","","","","","40","2017-07-17T11:11:49.085Z","","100","41.11","Suffern","-74.14","1017","66","1","fvqRYUa0YRTqDmwPkLE7nn0YrLX2","16093","","131.502","3"
"36F829DB-6FC0-468B-970C-46853D2F9C4A","","","","","","","","","","","","","","","","","","","","","","","","","","","","","75","2017-06-10T22:08:15.731Z","","33","40.73","Bellerose Terrace","-73.74","1014","84","2","fvqRYUa0YRTqDmwPkLE7nn0YrLX2","16093","","270","8"
"371B390D-1910-40C6-8929-CD9C8B5D4962","","","","","","","","","","","","","","","","","","","","","","","","","","","","","40","2017-06-20T11:54:35.953Z","","78","41.11","Suffern","-74.14","1012","70","2","fvqRYUa0YRTqDmwPkLE7nn0YrLX2","24140","","260","9"
"3747FCE1-834A-49C5-8AE9-7A94FF524AEA","","","","","","","","","","","","","","","","","","","","","","","","","","","","","90","2017-05-31T18:21:14.360Z","","77","40.71","New York","-74.01","1017","66","2","KeAdoRGcxYfNNQeAfvMG5DFj5zB3","8047","","210","3"
"3AFE7FEA-C6C7-4267-B5A0-8A018EDF34DB","","","","","","","","","","","","","","","","","","","","","","","","","","","","","75","2017-07-27T11:15:28.503Z","","93","41.11","Airmont","-74.13","1018","63","1","fvqRYUa0YRTqDmwPkLE7nn0YrLX2","16093","","222.504","3"
"3c21df80-6981-11e7-9a49-13a7ba58ee27","","","","","","","","","","","","","","","","","","","","","","","","","","","","","40","2017-07-15T17:15:43.864Z","Alexa","61","41.2","Haverstraw","-73.97","1014","80.31","1","","16093","","273.503","3.13"
"40D198B3-654E-4613-B1C3-92E9CE4F49AF","","","","","","","","","","","","","","","","","","","","","","","","","","","","","1","2017-06-09T01:39:01.579Z","","58","41.1","Upper Nyack","-73.93","1011","60","1","fvqRYUa0YRTqDmwPkLE7nn0YrLX2","16093","","115.002","2"
"4113A4C6-2D75-46D9-8E63-B5C5790283F0","","","","","","","","","","","","","","","","","","","","","","","","","","","","","1","2017-06-04T12:17:35.425Z","","51","40.69","Oak Island Junction","-74.18","1017","55","2","KeAdoRGcxYfNNQeAfvMG5DFj5zB3","16093","","227.508","3"
"4B19FF9D-C314-4E56-839B-664AAB3317FF","","","","","","","","","","","","","","","","","","","","","","","","","","","","","1","2017-09-01T14:19:25.693Z","","41","41.2","West Haverstraw","-73.99","1020","59","1","KeAdoRGcxYfNNQeAfvMG5DFj5zB3","16093","","330","16"
"5089682B-006B-4296-8498-3DBA3655870B","","","","","","","","","","","","","","","","","","","","","","","","","","","","","75","2017-06-19T12:04:04.784Z","","78","40.94","Yonkers","-73.9","1011","76","2","KeAdoRGcxYfNNQeAfvMG5DFj5zB3","16093","","201.518","12"
"5260A45E-559B-4486-A88E-90DD2E543DC0","","","","","","","","","","","","","","","","","","","","","","","","","","","","","90","2017-07-25T13:22:45.976Z","","82","40.73","Hoboken","-74.04","1019","64","2","DvGx1A7L7wNN9Han9GjEm08Mb7t2","16093","","40","4"
"52AF776B-EDC9-4997-896C-B5574D5CD052","","","","","","","","","","","","","","","","","","","","","","","","","","","","","1","2017-06-13T11:33:59.017Z","","64","40.76","Weehawken","-74","1015","72","1","fvqRYUa0YRTqDmwPkLE7nn0YrLX2","16093","","258.001","2"
"52E49776-27FB-4DC5-BCA3-21EB45CC1508","","","","","","","","","","","","","","","","","","","","","","","","","","","","","1","2017-08-09T11:42:16.659Z","","72","41.2","West Haverstraw","-73.99","1022","60","2","KeAdoRGcxYfNNQeAfvMG5DFj5zB3","16093","","256.5","2"
"54CE0E90-3316-4B56-8907-04E170964F81","","","","","","","","","","","","","","","","","","","","","","","","","","","","","75","2017-05-29T04:07:33.984Z","","77","41.11","Suffern","-74.14","1014","60","1","fvqRYUa0YRTqDmwPkLE7nn0YrLX2","16093","","110","6"
"5552FA54-EF11-4888-977E-1B88A0B62E77","","","","","","","","","","","","","","","","","","","","","","","","","","","","","20","2017-07-12T11:08:40.282Z","","94","41.16","Ossining","-73.87","1016","71","2","KeAdoRGcxYfNNQeAfvMG5DFj5zB3","8047","","217.501","3"
"5E4AFF11-6850-4CCB-96BA-EA1CBD38787C","","","","","","","","","","","","","","","","","","","","","","","","","","","","","1","2017-08-28T11:45:51.930Z","","77","40.84","Bronx","-73.93","1026","59","1","KeAdoRGcxYfNNQeAfvMG5DFj5zB3","16093","","55.50490188598633","6"
"5f159ad0-6ad1-11e7-908f-4b064f587a76","","","","","","","","","","","","","","","","","","","","","","","","","","","","","1","2017-07-17T09:21:53.405Z","Alexa","87","47.63","Seattle","-122.35","1021","55.62","1","","16093","","20.0008","5.5"
"6116C39F-2B59-47DD-8A54-2380CA73675C","","","","","","","","","","","","","","","","","","","","","","","","","","","","","90","2017-05-28T01:16:40.949Z","","82","41.11","Airmont","-74.13","1013","67","1","fvqRYUa0YRTqDmwPkLE7nn0YrLX2","16093","","0.00213623","2"
"615C478C-774C-4255-A39D-5629DFE43311","","","","","","","","","","","","","","","","","","","","","","","","","","","","","1","2017-09-02T14:01:33.523Z","","76","41.2","West Haverstraw","-73.99","1025","56","1","6eUdqOHk4YhcgJo2CqkSv8PI7ZF3","16093","","70.0011","3"
"67ED43A9-4905-4B47-B213-E7B71B746190","","","","","","","","","","","","","","","","","","","","","","","","","","","","","20","2017-06-22T21:07:28.430Z","","54","41.2","West Haverstraw","-73.99","1013","83","2","6eUdqOHk4YhcgJo2CqkSv8PI7ZF3","32186","","220","8"
"69197290-516d-11e7-9098-6d44c9184f7c","","","","","","","","","","","","","","","","","","","","","","","","","","","","","5","2017-06-15T01:53:21.466Z","Alexa","46","41.2","Garnerville","-74","1017","70.63","0","","16093","","51.502","1.79"
"6C4D6A53-8986-45A1-A185-0F1C8E273CCA","","","","","","","","","","","","","","","","","","","","","","","","","","","","","90","2017-05-30T13:10:11.539Z","","87","40.71","New York","-74.01","1022","55","2","KeAdoRGcxYfNNQeAfvMG5DFj5zB3","8047","","160","8"
"6EC7C1F2-EED6-43E8-A257-C585BA11BC29","","","","","","","","","","","","","","","","","","","","","","","","","","","","","40","2017-08-29T14:21:32.255Z","","77","40.71","New York","-74.01","1024","65","1","KeAdoRGcxYfNNQeAfvMG5DFj5zB3","16093","","60","9"
"6ca3ae80-6086-11e7-be36-e17cbde4202e","","","","","","","","","","","","","","","","","","","","","","","","","","","","","90","2017-07-04T07:00:12.265Z","Alexa","94","37.77","San Francisco","-122.41","1018","61.47","1","","16093","","140","4.7"
"6e70e110-6ad1-11e7-908f-4b064f587a76","","","","","","","","","","","","","","","","","","","","","","","","","","","","","1","2017-07-17T09:22:19.169Z","Alexa","87","47.63","Seattle","-122.35","1021","55.62","1","","16093","","20.0008","5.5"
"702F35F9-417C-486C-8A75-408C31B8459D","","","","","","","","","","","","","","","","","","","","","","","","","","","","","1","2017-06-09T15:37:48.413Z","","46","40.73","Hoboken","-74.03","1008","72","1","DvGx1A7L7wNN9Han9GjEm08Mb7t2","16093","","300","8"
"706fd780-5dae-11e7-8e26-f381caef534c","","","","","","","","","","","","","","","","","","","","","","","","","","","","","40","2017-06-30T16:09:05.017Z","Alexa","54","41.2","Garnerville","-74","1016","82.24","1","","16093","","230","8.05"
"73087C44-9F2E-42F2-8B64-672B82A33AC8","","","","","","","","","","","","","","","","","","","","","","","","","","","","","40","2017-06-20T04:07:48.184Z","","100","41.2","West Haverstraw","-73.99","1012","70","2","6eUdqOHk4YhcgJo2CqkSv8PI7ZF3","16093","","190","5"
"73161280-6086-11e7-be36-e17cbde4202e","","","","","","","","","","","","","","","","","","","","","","","","","","","","","90","2017-07-04T07:00:23.080Z","Alexa","94","37.77","San Francisco","-122.41","1018","61.47","1","","16093","","140","4.7"
"73C57677-B73F-40E3-9BE0-B2F9F9E14B5E","","","","","","","","","","","","","","","","","","","","","","","","","","","","","90","2017-06-05T23:38:58.982Z","","93","41.09","Airmont","-74.14","1006","64","1","fvqRYUa0YRTqDmwPkLE7nn0YrLX2","11265","","80","11"
"76197090-6ad0-11e7-908f-4b064f587a76","","","","","","","","","","","","","","","","","","","","","","","","","","","","","1","2017-07-17T09:15:22.521Z","Alexa","87","47.63","Seattle","-122.35","1021","55.62","1","","16093","","20.0008","5.5"
"7801B07F-C73A-4EA7-81DC-92E495A5155E","","","","","","","","","","","","","","","","","","","","","","","","","","","","","75","2017-06-03T16:08:13.555Z","","40","41.09","Nyack","-73.92","1014","64","2","KeAdoRGcxYfNNQeAfvMG5DFj5zB3","16093","","330","12"
"78C2C6F4-EBCA-443D-97F4-B1B3D41686EB","","","","","","","","","","","","","","","","","","","","","","","","","","","","","90","2017-05-29T14:52:09.059Z","","93","40.67","Bayonne","-74.12","1014","56","1","DvGx1A7L7wNN9Han9GjEm08Mb7t2","11265","","70","6"
"798E1840-41F2-4EB3-9779-6B58C94325EA","","","","","","","","","","","","","","","","","","","","","","","","","","","","","90","2017-06-06T12:55:41.130Z","","100","41.11","Airmont","-74.13","1008","55","1","fvqRYUa0YRTqDmwPkLE7nn0YrLX2","16093","","80","5"
"7F6F2F7D-E615-47D9-968D-469CDDC46211","","","","","","","","","","","","","","","","","","","","","","","","","","","","","90","2017-05-30T00:41:56.757Z","","87","41.09","Airmont","-74.14","1018","57","2","fvqRYUa0YRTqDmwPkLE7nn0YrLX2","16093","","140","5"
"7F873238-69B8-425C-A4FB-6058D47A2960","","","","","","","","","","","","","","","","","","","","","","","","","","","","","1","2017-06-02T21:31:51.387Z","","20","41.11","Airmont","-74.13","1012","73","2","fvqRYUa0YRTqDmwPkLE7nn0YrLX2","16093","","300","14"
"7e5bb320-8d6d-11e7-80ea-b5b2161ddc58","","","","","","","","","","","","","","","","","","","","","","","","","","","","","90","2017-08-30T10:25:06.899Z","Alexa","93","41.2","Haverstraw","-73.97","1014","59.58","1","","16093","","330","8.05"
"7eb56230-6086-11e7-be36-e17cbde4202e","","","","","","","","","","","","","","","","","","","","","","","","","","","","","90","2017-07-04T07:00:42.579Z","Alexa","94","37.77","San Francisco","-122.41","1018","61.47","1","","16093","","140","4.7"
"7eca55a0-5555-11e7-aaa5-79bc731415ba","","","","","","","","","","","","","","","","","","","","","","","","","","","","","75","2017-06-20T01:12:14.587Z","Alexa","94","41.2","Garnerville","-74","1011","70.77","1","","16093","","210","6.93"
"817361B5-6D0B-4B4E-AD4A-C586490064D0","","","","","","","","","","","","","","","","","","","","","","","","","","","","","1","2017-06-12T02:25:02.454Z","","39","41.11","Suffern","-74.14","1016","80","2","fvqRYUa0YRTqDmwPkLE7nn0YrLX2","16093","","270","4"
"8194B26D-54C6-4CB8-A6FF-8B1B55AB8613","","","","","","","","","","","","","","","","","","","","","","","","","","","","","90","2017-08-07T13:32:53.862Z","","77","40.71","New York","-74.01","1020","67","2","KeAdoRGcxYfNNQeAfvMG5DFj5zB3","11265","","239.501","7"
"81CA0923-A9EC-4B97-ABA7-19D00F059C5C","","","","","","","","","","","","","","","","","","","","","","","","","","","","","1","2017-08-28T13:36:08.427Z","","77","40.84","Bronx","-73.93","1026","59","1","KeAdoRGcxYfNNQeAfvMG5DFj5zB3","16093","","55.50490188598633","6"
"829a5da0-5169-11e7-8b05-1f3dc69d681d","","","","","","","","","","","","","","","","","","","","","","","","","","","","","1","2017-06-15T01:25:26.267Z","Alexa","59","41.2","Garnerville","-74","1016","70.77","0","","16093","","150","5.82"
"838d0b10-6ad0-11e7-908f-4b064f587a76","","","","","","","","","","","","","","","","","","","","","","","","","","","","","1","2017-07-17T09:15:45.089Z","Alexa","87","47.63","Seattle","-122.35","1021","55.62","1","","16093","","20.0008","5.5"
"87AA456A-D18B-4D1D-A219-51AA40525881","","","","","","","","","","","","","","","","","","","","","","","","","","","","","1","2017-06-11T02:26:20.771Z","","73","41.11","Suffern","-74.14","1017","74","1","fvqRYUa0YRTqDmwPkLE7nn0YrLX2","16093","","227.001","4"
"883794BE-E950-408E-84F2-A4978BDB07B6","","","","","","","","","","","","","","","","","","","","","","","","","","","","","75","2017-06-17T23:01:32.880Z","","88","41.71","Arlington","-73.9","1014","71","2","KeAdoRGcxYfNNQeAfvMG5DFj5zB3","16093","","0","5"
"890AB6D3-2F8C-4BBD-87A2-47E397594574","","","","","","","","","","","","","","","","","","","","","","","","","","","","","1","2017-08-06T18:29:35.475Z","","46","41.2","West Haverstraw","-73.99","1019","73","2","KeAdoRGcxYfNNQeAfvMG5DFj5zB3","16093","","300","6"
"8C3D31AF-D0FC-4556-8AE6-F437B471DB15","","","","","","","","","","","","","","","","","","","","","","","","","","","","","1","2017-08-28T11:45:54.466Z","","77","40.84","Bronx","-73.93","1026","59","2","KeAdoRGcxYfNNQeAfvMG5DFj5zB3","16093","","55.50490188598633","6"
"8D5449E4-0499-4846-8313-AC392C6C74A9","","","","","","","","","","","","","","","","","","","","","","","","","","","","","90","2017-07-27T10:56:33.303Z","","100","41.2","West Haverstraw","-73.98","1018","62","2","KeAdoRGcxYfNNQeAfvMG5DFj5zB3","16093","","218.504","3"
"8D7ADCA3-F94D-4F69-B1E9-04343BF86178","","","","","","","","","","","","","","","","","","","","","","","","","","","","","1","2017-06-02T12:05:28.240Z","","55","41.11","Airmont","-74.13","1016","55","1","fvqRYUa0YRTqDmwPkLE7nn0YrLX2","16093","","255","3"
"8f745320-8ca4-11e7-ac04-c565305c02d6","","","","","","","","","","","","","","","","","","","","","","","","","","","","","1","2017-08-29T10:26:46.775Z","Alexa","87","41.2","Haverstraw","-73.97","1024","60.58","1","","16093","","50","8.05"
"90608950-BDF1-4956-AA0B-B803EA32407F","","","","","","","","","","","","","","","","","","","","","","","","","","","","","1","2017-07-31T01:39:44.164Z","","68","41.12","Valley Cottage","-73.94","1017","70","1","fvqRYUa0YRTqDmwPkLE7nn0YrLX2","16093","","14.0082","2"
"964B283F-0754-4AF3-8384-5B51C78AD61D","","","","","","","","","","","","","","","","","","","","","","","","","","","","","1","2017-06-24T17:50:12.583Z","","35","40.67","Bayonne","-74.12","1007","83","1","DvGx1A7L7wNN9Han9GjEm08Mb7t2","16093","","320","24"
"979EFC45-30BF-47E3-ADC6-DB9DD4424631","","","","","","","","","","","","","","","","","","","","","","","","","","","","","1","2017-09-02T14:01:06.579Z","","76","41.2","West Haverstraw","-73.99","1025","56","1","6eUdqOHk4YhcgJo2CqkSv8PI7ZF3","16093","","70.0011","3"
"97F9D10E-7E34-46E4-BCB0-9992746A53CE","","","","","","","","","","","","","","","","","","","","","","","","","","","","","90","2017-06-17T17:32:48.562Z","","73","41.48","Beacon","-73.97","1013","72","2","KeAdoRGcxYfNNQeAfvMG5DFj5zB3","16093","","88.0041","3"
"9909925B-8595-4293-B945-748EECBCCCE7","","","","","","","","","","","","","","","","","","","","","","","","","","","","","1","2017-07-12T03:16:59.309Z","","78","41.2","West Haverstraw","-73.99","1014","75","2","6eUdqOHk4YhcgJo2CqkSv8PI7ZF3","16093","","239","2"
"A06AA9D4-2901-4FDA-9785-1DD70CC92AC7","","","","","","","","","","","","","","","","","","","","","","","","","","","","","90","2017-06-08T02:15:22.642Z","","87","37.34","San Jose","-121.89","1015","64","1","KeAdoRGcxYfNNQeAfvMG5DFj5zB3","11265","","170","4"
"A1D65FC4-2188-4097-8076-E1210C7535C1","","","","","","","","","","","","","","","","","","","","","","","","","","","","","56","2017-05-28T17:24:08.473Z","","56","41.1","Nanuet","-74.01","1014","71","2","fvqRYUa0YRTqDmwPkLE7nn0YrLX2","0","","0","5"
"A4E5723F-7AD0-48E6-9F1A-E13A23F8810A","","","","","","","","","","","","","","","","","","","","","","","","","","","","","75","2017-06-18T16:15:43.211Z","","83","41.1","Bardonia","-74","1012","80","2","fvqRYUa0YRTqDmwPkLE7nn0YrLX2","11265","","170","10"
"A722D78A-55B2-44ED-9415-C3C10F96CC5E","","","","","","","","","","","","","","","","","","","","","","","","","","","","","1","2017-06-21T14:46:27.184Z","","47","41.11","Suffern","-74.14","1014","76","1","fvqRYUa0YRTqDmwPkLE7nn0YrLX2","16093","","310","11"
"ABDA9F52-4E01-41B9-8B20-0B48F28D1CDB","","","","","","","","","","","","","","","","","","","","","","","","","","","","","1","2017-06-22T11:30:55.560Z","","68","40.97","Hastings-on-Hudson","-73.89","1017","64","2","KeAdoRGcxYfNNQeAfvMG5DFj5zB3","16093","","280","4"
"AD57FE49-751F-4C5A-B00A-B14DF0CD4B40","","","","","","","","","","","","","","","","","","","","","","","","","","","","","75","2017-06-01T13:47:32.399Z","","77","41.2","West Haverstraw","-73.99","1014","64","2","KeAdoRGcxYfNNQeAfvMG5DFj5zB3","16093","","256.501","3"
"B1EC6E33-C1E5-40B5-B45E-381B83D040E5","","","","","","","","","","","","","","","","","","","","","","","","","","","","","90","2017-05-31T03:45:34.065Z","","93","41.11","Suffern","-74.14","1019","56","1","fvqRYUa0YRTqDmwPkLE7nn0YrLX2","16093","","172.001","4"
"B88886AA-D120-4BD4-AF39-29B24B065144","","","","","","","","","","","","","","","","","","","","","","","","","","","","","90","2017-05-29T14:36:51.285Z","","100","41.2","West Haverstraw","-73.99","1014","56","1","6eUdqOHk4YhcgJo2CqkSv8PI7ZF3","4828","","116.501","3"
"BC66A34D-ECE9-41F5-9521-FD443091A952","","","","","","","","","","","","","","","","","","","","","","","","","","","","","1","2017-06-26T14:26:36.843Z","","40","40.73","Hoboken","-74.03","1017","72","1","DvGx1A7L7wNN9Han9GjEm08Mb7t2","16093","","310","8"
"BE5A8C1C-6CA0-460D-B1C8-BB1E4F0579FA","","","","","","","","","","","","","","","","","","","","","","","","","","","","","90","2017-06-06T18:47:28.809Z","","82","37.33","San Jose","-121.89","1015","64","2","KeAdoRGcxYfNNQeAfvMG5DFj5zB3","14484","","150","4"
"C14E4488-578E-4B97-9FDB-90B8E2467586","","","","","","","","","","","","","","","","","","","","","","","","","","","","","75","2017-06-26T19:24:20.432Z","","29","41.11","Airmont","-74.13","1016","77","1","fvqRYUa0YRTqDmwPkLE7nn0YrLX2","16093","","260","9"
"C495A701-70E1-48C0-92D9-F06B52BDA648","","","","","","","","","","","","","","","","","","","","","","","","","","","","","75","2017-06-01T13:47:27.629Z","","77","41.2","West Haverstraw","-73.99","1014","64","2","KeAdoRGcxYfNNQeAfvMG5DFj5zB3","16093","","256.501","3"
"C4A4547F-8444-4213-A8AD-4A2A07C698F1","","","","","","","","","","","","","","","","","","","","","","","","","","","","","90","2017-07-28T13:59:03.923Z","","83","41.21","Haverstraw","-73.96","1012","74","2","KeAdoRGcxYfNNQeAfvMG5DFj5zB3","16093","","20","3"
"C5976E55-5275-4E9C-928F-E0CB9690A1F8","","","","","","","","","","","","","","","","","","","","","","","","","","","","","1","2017-06-27T16:28:50.538Z","","56","40.73","Hoboken","-74.03","1015","71","1","DvGx1A7L7wNN9Han9GjEm08Mb7t2","16093","","137.501","3"
"C8EED263-4F50-47A1-8E3D-55909FD468D7","","","","","","","","","","","","","","","","","","","","","","","","","","","","","90","2017-06-04T18:11:13.363Z","","59","41.11","Airmont","-74.13","1015","65","2","fvqRYUa0YRTqDmwPkLE7nn0YrLX2","12874","","210","5"
"CDD09461-6C89-413F-8AA2-7C5FE623D7E5","","","","","","","","","","","","","","","","","","","","","","","","","","","","","90","2017-06-07T13:48:59.141Z","","67","40.67","Bayonne","-74.12","1016","56","1","DvGx1A7L7wNN9Han9GjEm08Mb7t2","16093","","50","9"
"D420E8A3-1EA3-48F5-9EAA-EE955CBFA16C","","","","","","","","","","","","","","","","","","","","","","","","","","","","","1","2017-08-10T20:51:54.637Z","","47","40.75","Long Island City","-73.98","1023","81","2","KeAdoRGcxYfNNQeAfvMG5DFj5zB3","16093","","0","6"
"DDB60372-915B-4B65-8886-A050ACFD1194","","","","","","","","","","","","","","","","","","","","","","","","","","","","","20","2017-06-12T17:09:13.356Z","","31","40.76","Weehawken","-74","1016","89","2","fvqRYUa0YRTqDmwPkLE7nn0YrLX2","16093","","290","4"
"DE620CEF-6D85-40B5-8CF7-BE05B08A215A","","","","","","","","","","","","","","","","","","","","","","","","","","","","","1","2017-07-21T17:02:42.378Z","","43","41.07","Ramsey","-74.14","1012","86","2","fvqRYUa0YRTqDmwPkLE7nn0YrLX2","16093","","290","8"
"E183B78B-F90B-4977-BC2C-0B682574AA86","","","","","","","","","","","","","","","","","","","","","","","","","","","","","1","2017-06-13T15:14:17.691Z","","43","40.73","Hoboken","-74.04","1014","85","1","DvGx1A7L7wNN9Han9GjEm08Mb7t2","16093","","300","8"
"E5C77B6D-63CB-41C9-82DD-202007CC62FD","","","","","","","","","","","","","","","","","","","","","","","","","","","","","1","2017-07-18T20:51:36.940Z","","55","41.1","Suffern","-74.16","1017","86","2","fvqRYUa0YRTqDmwPkLE7nn0YrLX2","16093","","150","10"
"E8DC9365-C02F-4744-ADAA-A276B67CC046","","","","","","","","","","","","","","","","","","","","","","","","","","","","","1","2017-07-11T14:36:15.840Z","","61","40.73","Hoboken","-74.03","1015","77","2","DvGx1A7L7wNN9Han9GjEm08Mb7t2","16093","","270","6"
"EA73B513-95DD-4912-B1DB-3DCA273E7FF3","","","","","","","","","","","","","","","","","","","","","","","","","","","","","90","2017-05-29T15:38:07.341Z","","100","41.07","Ramsey","-74.14","1014","56","1","fvqRYUa0YRTqDmwPkLE7nn0YrLX2","4828","","94.0007","3"
"EB9707D9-A5CF-43C4-AB6C-1F04D6D64069","","","","","","","","","","","","","","","","","","","","","","","","","","","","","1","2017-06-27T16:43:08.962Z","","56","41.2","West Haverstraw","-73.99","1015","71","2","KeAdoRGcxYfNNQeAfvMG5DFj5zB3","16093","","195.501","6"
"ED817D3F-C9C7-4FB2-83AB-6C7D806B8BD2","","","","","","","","","","","","","","","","","","","","","","","","","","","","","40","2017-06-20T11:54:34.422Z","","78","41.11","Suffern","-74.14","1012","70","1","fvqRYUa0YRTqDmwPkLE7nn0YrLX2","24140","","260","9"
"EEDD4404-531B-42ED-ADE9-24EA2DE143C9","","","","","","","","","","","","","","","","","","","","","","","","","","","","","1","2017-08-01T13:15:49.460Z","","61","40.71","New York","-74.01","1019","78","2","KeAdoRGcxYfNNQeAfvMG5DFj5zB3","16093","","60","4"
"F2EB16F2-9D87-475B-AA9C-41E210C0F57B","","","","","","","","","","","","","","","","","","","","","","","","","","","","","90","2017-05-29T14:22:44.297Z","","100","41.2","West Haverstraw","-73.99","1014","56","2","KeAdoRGcxYfNNQeAfvMG5DFj5zB3","4828","","116.501","3"
"F3AAF8D4-1F2F-4B8A-8CFB-23AE6ABE345D","","","","","","","","","","","","","","","","","","","","","","","","","","","","","90","2017-05-30T13:10:14.271Z","","87","40.71","New York","-74.01","1022","55","2","KeAdoRGcxYfNNQeAfvMG5DFj5zB3","8047","","160","8"
"F4C624E4-286F-4030-AE40-5F54296A77F0","","","","","","","","","","","","","","","","","","","","","","","","","","","","","90","2017-08-15T11:08:43.491Z","","88","41.16","Ossining","-73.87","1014","68","2","KeAdoRGcxYfNNQeAfvMG5DFj5zB3","16093","","0","4"
"F8B53501-E8A8-4578-A147-4329F421229F","","","","","","","","","","","","","","","","","","","","","","","","","","","","","90","2017-07-23T13:02:09.790Z","","88","41.09","Nyack","-73.92","1008","73","1","fvqRYUa0YRTqDmwPkLE7nn0YrLX2","6437","","56.5027","5"
"FA578D86-0AE3-4679-B098-AF5B52872054","","","","","","","","","","","","","","","","","","","","","","","","","","","","","1","2017-06-24T21:32:14.371Z","","33","41.07","Chestnut Ridge","-74.06","1009","83","2","KeAdoRGcxYfNNQeAfvMG5DFj5zB3","16093","","300","10"
"FA7F49CB-F268-433B-A98F-B4592E93FAAA","","","","","","","","","","","","","","","","","","","","","","","","","","","","","75","2017-07-24T04:01:02.327Z","","83","41.11","Airmont","-74.13","1011","72","1","fvqRYUa0YRTqDmwPkLE7nn0YrLX2","14484","","130","6"
"FAC03C70-BA99-4C03-A803-D17ABC1A7B00","","","","","","","","","","","","","","","","","","","","","","","","","","","","","1","2017-06-26T11:46:45.993Z","","59","40.83","Bronx","-73.93","1017","62","2","KeAdoRGcxYfNNQeAfvMG5DFj5zB3","16093","","212.006","3"
"FAC999A7-530D-4FE4-8AB3-44BD1B608E3D","","","","","","","","","","","","","","","","","","","","","","","","","","","","","1","2017-09-01T14:19:28.690Z","","41","41.2","West Haverstraw","-73.99","1020","59","1","KeAdoRGcxYfNNQeAfvMG5DFj5zB3","16093","","330","16"
"FC3A9503-3577-4305-8485-E0D95CD436A4","","","","","","","","","","","","","","","","","","","","","","","","","","","","","1","2017-09-02T14:00:29.216Z","","76","41.2","West Haverstraw","-73.99","1025","57","1","KeAdoRGcxYfNNQeAfvMG5DFj5zB3","16093","","70.0010986328125","3"
"FD54DC94-1015-4989-840A-5EF354405913","","","","","","","","","","","","","","","","","","","","","","","","","","","","","90","2017-05-28T20:57:54.860Z","","73","41.12","Valley Cottage","-73.94","1013","69","1","fvqRYUa0YRTqDmwPkLE7nn0YrLX2","32186","","140","11"
"FE2AE1EE-F399-4740-A1D5-4E83174AF9F0","","","","","","","","","","","","","","","","","","","","","","","","","","","","","40","2017-07-08T19:15:57.889Z","","51","41.11","Airmont","-74.13","1007","82","2","fvqRYUa0YRTqDmwPkLE7nn0YrLX2","16093","","280","14"
"a6e2bb60-4914-11e7-98d2-233b0f597bc8","","","","","","","","","","","","","","","","","","","","","","","","","","","","","1","2017-06-04T10:57:50.615Z","Alexa","100","41.2","Garnerville","-74","1017","47.61","1","","16093","","228.008","3.06"
"ac39c200-6086-11e7-be36-e17cbde4202e","","","","","","","","","","","","","","","","","","","","","","","","","","","","","90","2017-07-04T07:01:58.944Z","Alexa","94","37.77","San Francisco","-122.41","1018","61.47","1","","16093","","140","4.7"
"b0fe6350-8e57-11e7-ab57-434a57339273","","","","","","","","","","","","","","","","","","","","","","","","","","","","","1","2017-08-31T14:21:34.086Z","Alexa","60","41.2","Haverstraw","-73.97","1013","72.81","1","","16093","","300","12.75"
"b99b7d90-5e96-11e7-86d5-01fa933c164e","","","","","","","","","","","","","","","","","","","","","","","","","","","","","75","2017-07-01T19:51:51.018Z","Alexa","78","41.2","Haverstraw","-73.97","1012","81.45","1","","16093","","198.505","6.71"
"bc75b130-60bb-11e7-8441-799a20e48d26","","","","","","","","","","","","","","","","","","","","","","","","","","","","","40","2017-07-04T13:21:49.508Z","Alexa","49","41.2","Haverstraw","-73.97","1019","71.74","1","","16093","","360","9.17"
"bd506aa0-5553-11e7-a942-9512a561f29d","","","","","","","","","","","","","","","","","","","","","","","","","","","","","75","2017-06-20T00:59:40.490Z","Alexa","94","41.2","Garnerville","-74","1011","70.77","1","","16093","","210","6.93"
"c960f2b0-5553-11e7-9943-199979f35244","","","","","","","","","","","","","","","","","","","","","","","","","","","","","75","2017-06-20T01:00:00.731Z","Alexa","94","41.2","Garnerville","-74","1011","70.77","1","","16093","","210","6.93"
"cbebf5b0-6ad0-11e7-908f-4b064f587a76","","","","","","","","","","","","","","","","","","","","","","","","","","","","","1","2017-07-17T09:17:46.507Z","Alexa","87","47.63","Seattle","-122.35","1021","55.62","1","","16093","","20.0008","5.5"
"d5030160-56db-11e7-8cfd-b73548e46803","","","","","","","","","","","","","","","","","","","","","","","","","","","","","20","2017-06-21T23:46:22.967Z","Alexa","44","41.2","Garnerville","-74","1012","80.04","1","","16093","","260","5.82"
"dd3804e0-6acf-11e7-908f-4b064f587a76","","","","","","","","","","","","","","","","","","","","","","","","","","","","","1","2017-07-17T09:11:06.030Z","Alexa","87","47.63","Seattle","-122.35","1021","55.62","1","","16093","","20.0008","5.5"
"e15bbc40-6982-11e7-91b9-a130a8d3792d","","","","","","","","","","","","","","","","","","","","","","","","","","","","","40","2017-07-15T17:27:30.621Z","Alexa","57","41.2","Haverstraw","-73.97","1014","81.19","1","","16093","","290","10.29"
"e239b9a0-6bc6-11e7-809f-272d8747938c","","","","","","","","","","","","","","","","","","","","","","","","","","","","","1","2017-07-18T14:39:20.123Z","Alexa","88","33.76","Long Beach","-118.13","1014","68.11","1","","9656","","339.503","1.86"
"e85cc570-56db-11e7-8cfd-b73548e46803","","","","","","","","","","","","","","","","","","","","","","","","","","","","","20","2017-06-21T23:46:55.431Z","Alexa","44","41.2","Garnerville","-74","1012","80.04","1","","16093","","260","5.82"
"eb921900-585e-11e7-abd0-57f7b9979055","","","","","","","","","","","","","","","","","","","","","","","","","","","","","75","2017-06-23T21:57:16.049Z","Alexa","78","41.2","Garnerville","-74","1004","81.95","1","","32186","","240","8.05"
